run_id,experiment_id,status,artifact_uri,start_time,end_time,Train Accuracy,Val Accuracy,Train F1,Val F1,metrics.Training Recall Curve,metrics.Validation Recall Curve,metrics.Training Precision Curve,metrics.Validation Precision Curve,Best Val Accuracy,Model,Learning Rate,Batch Size,Optimizer,Weight Decay,Epochs,params.window_size
3d0b7d25fc414421be06db2bfb66439d,878565942206467697,FINISHED,file:///Users/sanjeev/VNIT/FINAL_PRJ_PHASE2/wifi_project-phase-2/src/phase2/mlruns/878565942206467697/3d0b7d25fc414421be06db2bfb66439d/artifacts,2025-10-21 21:21:41.373000+00:00,2025-10-21 21:42:40.834000+00:00,0.9897676588053523,0.9917210820895522,0.9897652480371655,0.9917309646998171,0.9897676588053523,0.9917210820895522,0.9897673045771427,0.9919151443630525,,DenseNet1D,0.0005,64,adam,0.0001,100,
db54ead5c30e45989d40ee52914d2b69,878565942206467697,FINISHED,file:///Users/sanjeev/VNIT/FINAL_PRJ_PHASE2/wifi_project-phase-2/src/phase2/mlruns/878565942206467697/db54ead5c30e45989d40ee52914d2b69/artifacts,2025-10-22 02:40:39.870000+00:00,2025-10-22 02:52:52.997000+00:00,0.9925079439116112,0.9889225746268657,0.9925103543727791,0.9889101068291772,0.9925079439116112,0.9889225746268657,0.9925165716633951,0.9893006428745595,,MobileNetV3_1D_LSTM,0.001,64,adam,0.0001,50,
9caee70ece454c6db5812c10cfdc044d,878565942206467697,FINISHED,file:///Users/sanjeev/VNIT/FINAL_PRJ_PHASE2/wifi_project-phase-2/src/phase2/mlruns/878565942206467697/9caee70ece454c6db5812c10cfdc044d/artifacts,2025-10-21 20:32:27.357000+00:00,2025-10-21 21:11:13.769000+00:00,0.9891263154826109,0.9857742537313433,0.9891251752398887,0.9857623694439412,0.9891263154826109,0.9857742537313433,0.9891320720601494,0.9861939735660706,,DenseNet1D,0.0005,32,adam,0.0001,100,
7e26496195534e079577b3385c65313a,878565942206467697,FINISHED,file:///Users/sanjeev/VNIT/FINAL_PRJ_PHASE2/wifi_project-phase-2/src/phase2/mlruns/878565942206467697/7e26496195534e079577b3385c65313a/artifacts,2025-10-21 22:59:46.007000+00:00,2025-10-21 23:13:20.653000+00:00,0.992945223449844,0.9856576492537313,0.9929459823595058,0.9856480641687375,0.992945223449844,0.9856576492537313,0.9929480866424268,0.9860961278239044,,EfficientNet1DLSTM,0.001,64,adam,0.0001,50,
9305a0c756bf464c8502b51595f8bf16,878565942206467697,FINISHED,file:///Users/sanjeev/VNIT/FINAL_PRJ_PHASE2/wifi_project-phase-2/src/phase2/mlruns/878565942206467697/9305a0c756bf464c8502b51595f8bf16/artifacts,2025-10-21 20:13:00.025000+00:00,2025-10-21 20:32:24.454000+00:00,0.9830335539165671,0.9853078358208955,0.9830270512211206,0.9853405123400613,0.9830335539165671,0.9853078358208955,0.9830352425474417,0.985714256599388,,DenseNet1D,0.0005,32,adam,0.0001,50,
798f3c56e0cf41a2bb749b4cde371693,878565942206467697,FINISHED,file:///Users/sanjeev/VNIT/FINAL_PRJ_PHASE2/wifi_project-phase-2/src/phase2/mlruns/878565942206467697/798f3c56e0cf41a2bb749b4cde371693/artifacts,2025-10-21 19:02:53.404000+00:00,2025-10-21 19:41:26.004000+00:00,0.9827128822551964,0.9848414179104478,0.9827115271678891,0.984848380620616,0.9827128822551964,0.9848414179104478,0.9827256597034403,0.9849610853571424,,DenseNet1D,0.001,32,adam,0.0001,100,
f1c4690ae52b46a98cbf9f530ad852d0,878565942206467697,FINISHED,file:///Users/sanjeev/VNIT/FINAL_PRJ_PHASE2/wifi_project-phase-2/src/phase2/mlruns/878565942206467697/f1c4690ae52b46a98cbf9f530ad852d0/artifacts,2025-10-21 17:15:12.460000+00:00,2025-10-21 17:32:18.632000+00:00,0.9914584730198525,0.984491604477612,0.9914582996142313,0.9845251883573711,0.9914584730198525,0.984491604477612,0.9914682110367382,0.9847839787740849,,CSILSTMNet,0.001,64,adam,0.0001,100,128
4aee1e93c8cb42229d6c3bb759faa94e,878565942206467697,FINISHED,file:///Users/sanjeev/VNIT/FINAL_PRJ_PHASE2/wifi_project-phase-2/src/phase2/mlruns/878565942206467697/4aee1e93c8cb42229d6c3bb759faa94e/artifacts,2025-10-21 17:47:31.174000+00:00,2025-10-21 18:17:13.473000+00:00,0.9944319738798356,0.9839085820895522,0.9944322533173618,0.983884651954969,0.9944319738798356,0.9839085820895522,0.9944364564721982,0.9840848482200839,,CSILSTMNet,0.0005,32,adam,0.0001,100,128
4949a4adf4af401da51060b3aa446f43,878565942206467697,FINISHED,file:///Users/sanjeev/VNIT/FINAL_PRJ_PHASE2/wifi_project-phase-2/src/phase2/mlruns/878565942206467697/4949a4adf4af401da51060b3aa446f43/artifacts,2025-10-21 18:26:12.436000+00:00,2025-10-21 18:43:20.939000+00:00,0.9938780864647407,0.9826259328358209,0.993877130022687,0.9826347944334265,0.9938780864647407,0.9826259328358209,0.9938798966550841,0.9829940508487411,,CSILSTMNet,0.0005,64,adam,0.0001,100,128
1771039ff1b347f4b84abaf79be18737,878565942206467697,FINISHED,file:///Users/sanjeev/VNIT/FINAL_PRJ_PHASE2/wifi_project-phase-2/src/phase2/mlruns/878565942206467697/1771039ff1b347f4b84abaf79be18737/artifacts,2025-10-21 16:37:21.485000+00:00,2025-10-21 17:06:36.321000+00:00,0.9872605894528176,0.9816930970149254,0.9872639954777301,0.9816772575469304,0.9872605894528176,0.9816930970149254,0.9872805488326591,0.9818017243924153,,CSILSTMNet,0.001,32,adam,0.0001,100,128
5f2b0a54e2a347cf819ddeb33cab1e92,878565942206467697,FINISHED,file:///Users/sanjeev/VNIT/FINAL_PRJ_PHASE2/wifi_project-phase-2/src/phase2/mlruns/878565942206467697/5f2b0a54e2a347cf819ddeb33cab1e92/artifacts,2025-10-21 16:22:19.890000+00:00,2025-10-21 16:37:17.392000+00:00,0.9816342593942221,0.980643656716418,0.9816414242810836,0.9806536646968791,0.9816342593942221,0.980643656716418,0.9816645193485272,0.9807991694770252,,CSILSTMNet,0.001,32,adam,0.0001,50,128
d915c8772f23401da83c4979c13ee50f,878565942206467697,FINISHED,file:///Users/sanjeev/VNIT/FINAL_PRJ_PHASE2/wifi_project-phase-2/src/phase2/mlruns/878565942206467697/d915c8772f23401da83c4979c13ee50f/artifacts,2025-10-21 17:32:20.177000+00:00,2025-10-21 17:47:28.562000+00:00,0.982188146809317,0.9767957089552238,0.9821839019346463,0.9768172634938337,0.982188146809317,0.9767957089552238,0.9822055955523091,0.9771531892944085,,CSILSTMNet,0.0005,32,adam,0.0001,50,128
42c506047e4f4921a9116109b6fe3538,878565942206467697,FINISHED,file:///Users/sanjeev/VNIT/FINAL_PRJ_PHASE2/wifi_project-phase-2/src/phase2/mlruns/878565942206467697/42c506047e4f4921a9116109b6fe3538/artifacts,2025-10-21 18:17:15.941000+00:00,2025-10-21 18:26:10.823000+00:00,0.9770574002273854,0.9707322761194029,0.9770518224527724,0.9705746924102725,0.9770574002273854,0.9707322761194029,0.9770757324309126,0.9711770342467556,,CSILSTMNet,0.0005,64,adam,0.0001,50,128
e2e5cec80f194f77800c811887d4d498,878565942206467697,FINISHED,file:///Users/sanjeev/VNIT/FINAL_PRJ_PHASE2/wifi_project-phase-2/src/phase2/mlruns/878565942206467697/e2e5cec80f194f77800c811887d4d498/artifacts,2025-10-21 19:51:47.910000+00:00,2025-10-21 20:12:58.047000+00:00,0.9670582747864618,0.9666511194029851,0.9670585939333474,0.9656794050348618,0.9670582747864618,0.9666511194029851,0.9670601728140535,0.9702969986249436,,DenseNet1D,0.001,64,adam,0.0001,100,
456dc05dd62a4989927f49a36709119a,878565942206467697,FINISHED,file:///Users/sanjeev/VNIT/FINAL_PRJ_PHASE2/wifi_project-phase-2/src/phase2/mlruns/878565942206467697/456dc05dd62a4989927f49a36709119a/artifacts,2025-10-21 18:43:24.289000+00:00,2025-10-21 19:02:50.577000+00:00,0.7247471066670553,0.5616837686567164,0.7248167813401598,0.5300640538890321,0.7247471066670553,0.5616837686567164,0.7252319293270192,0.6084117563885136,,DenseNet1D,0.001,32,adam,0.0001,50,
018785b5ccd94f4fb43a274c1fc2e7fa,878565942206467697,FINISHED,file:///Users/sanjeev/VNIT/FINAL_PRJ_PHASE2/wifi_project-phase-2/src/phase2/mlruns/878565942206467697/018785b5ccd94f4fb43a274c1fc2e7fa/artifacts,2025-10-21 17:06:40.160000+00:00,2025-10-21 17:15:10.778000+00:00,0.33460630265574437,0.33302238805970147,0.3808187628611758,0.38252773025725073,0.33460630265574437,0.33302238805970147,0.461995803936779,0.4710578681244668,,CSILSTMNet,0.001,64,adam,0.0001,50,128
5825d8fcb6234898af897962150e300b,878565942206467697,FINISHED,file:///Users/sanjeev/VNIT/FINAL_PRJ_PHASE2/wifi_project-phase-2/src/phase2/mlruns/878565942206467697/5825d8fcb6234898af897962150e300b/artifacts,2025-10-21 21:11:18.410000+00:00,2025-10-21 21:21:39.638000+00:00,0.032766813398245054,0.03451492537313433,0.002474158336083436,0.0027711396852241766,0.032766813398245054,0.03451492537313433,0.001379569111934727,0.0015369340191319356,,DenseNet1D,0.0005,64,adam,0.0001,50,
fbd3cb4947c64acab0f2f0552dcd54a6,878565942206467697,FINISHED,file:///Users/sanjeev/VNIT/FINAL_PRJ_PHASE2/wifi_project-phase-2/src/phase2/mlruns/878565942206467697/fbd3cb4947c64acab0f2f0552dcd54a6/artifacts,2025-10-21 22:08:21.903000+00:00,2025-10-21 22:59:42.929000+00:00,0.9416377576305279,0.03055037313432836,0.9415546616219527,0.0018113142704670807,0.9416377576305279,0.03055037313432836,0.9415457483552345,0.0009333252986466919,,EfficientNet1DLSTM,0.001,32,adam,0.0001,100,
c93465d19e7744b9ac4ad7a53ffcca98,878565942206467697,FINISHED,file:///Users/sanjeev/VNIT/FINAL_PRJ_PHASE2/wifi_project-phase-2/src/phase2/mlruns/878565942206467697/c93465d19e7744b9ac4ad7a53ffcca98/artifacts,2025-10-21 23:39:45.623000+00:00,2025-10-22 00:05:26.332000+00:00,0.0,0.0,0.0,0.0,0.0,0.0,0.0,0.0,,EfficientNet1DLSTM,0.0005,32,adam,0.0001,50,
5056d5fb24514c5cac158740596e3eb1,878565942206467697,FINISHED,file:///Users/sanjeev/VNIT/FINAL_PRJ_PHASE2/wifi_project-phase-2/src/phase2/mlruns/878565942206467697/5056d5fb24514c5cac158740596e3eb1/artifacts,2025-10-22 03:37:39.386000+00:00,2025-10-22 04:20:25.569000+00:00,0.0,0.0,0.0,0.0,0.0,0.0,0.0,0.0,,MobileNetV3_1D_LSTM,0.0005,32,adam,0.0001,100,
1ec039cc03ea4d41a958e6ddf855e7b5,878565942206467697,FINISHED,file:///Users/sanjeev/VNIT/FINAL_PRJ_PHASE2/wifi_project-phase-2/src/phase2/mlruns/878565942206467697/1ec039cc03ea4d41a958e6ddf855e7b5/artifacts,2025-10-22 03:16:14.873000+00:00,2025-10-22 03:37:39.318000+00:00,0.0,0.0,0.0,0.0,0.0,0.0,0.0,0.0,,MobileNetV3_1D_LSTM,0.0005,32,adam,0.0001,50,
8dacecf3b0fa4e93ab6982a93c3a8e6f,878565942206467697,FINISHED,file:///Users/sanjeev/VNIT/FINAL_PRJ_PHASE2/wifi_project-phase-2/src/phase2/mlruns/878565942206467697/8dacecf3b0fa4e93ab6982a93c3a8e6f/artifacts,2025-10-22 02:52:56.349000+00:00,2025-10-22 03:16:14.806000+00:00,0.0,0.0,0.0,0.0,0.0,0.0,0.0,0.0,,MobileNetV3_1D_LSTM,0.001,64,adam,0.0001,100,
b29fe3bb480244758fe0f03b4e62511b,878565942206467697,FINISHED,file:///Users/sanjeev/VNIT/FINAL_PRJ_PHASE2/wifi_project-phase-2/src/phase2/mlruns/878565942206467697/b29fe3bb480244758fe0f03b4e62511b/artifacts,2025-10-22 01:57:49.725000+00:00,2025-10-22 02:40:39.803000+00:00,0.0,0.0,0.0,0.0,0.0,0.0,0.0,0.0,,MobileNetV3_1D_LSTM,0.001,32,adam,0.0001,100,
6a9508d3b1c74f6fa25563386720d07c,878565942206467697,FINISHED,file:///Users/sanjeev/VNIT/FINAL_PRJ_PHASE2/wifi_project-phase-2/src/phase2/mlruns/878565942206467697/6a9508d3b1c74f6fa25563386720d07c/artifacts,2025-10-21 19:41:30.687000+00:00,2025-10-21 19:51:47.842000+00:00,0.0,0.0,0.0,0.0,0.0,0.0,0.0,0.0,,DenseNet1D,0.001,64,adam,0.0001,50,
e19f3fd9ae034cf09884a0968b8ee62b,878565942206467697,FINISHED,file:///Users/sanjeev/VNIT/FINAL_PRJ_PHASE2/wifi_project-phase-2/src/phase2/mlruns/878565942206467697/e19f3fd9ae034cf09884a0968b8ee62b/artifacts,2025-10-22 01:36:23.998000+00:00,2025-10-22 01:57:49.651000+00:00,0.0,0.0,0.0,0.0,0.0,0.0,0.0,0.0,,MobileNetV3_1D_LSTM,0.001,32,adam,0.0001,50,
8acca98309674fd0b289e12b7257ad34,878565942206467697,FINISHED,file:///Users/sanjeev/VNIT/FINAL_PRJ_PHASE2/wifi_project-phase-2/src/phase2/mlruns/878565942206467697/8acca98309674fd0b289e12b7257ad34/artifacts,2025-10-21 23:13:24.249000+00:00,2025-10-21 23:39:45.554000+00:00,0.0,0.0,0.0,0.0,0.0,0.0,0.0,0.0,,EfficientNet1DLSTM,0.001,64,adam,0.0001,100,
c7731ee694964dabbfee2f806f8cc613,878565942206467697,FINISHED,file:///Users/sanjeev/VNIT/FINAL_PRJ_PHASE2/wifi_project-phase-2/src/phase2/mlruns/878565942206467697/c7731ee694964dabbfee2f806f8cc613/artifacts,2025-10-22 01:10:01.233000+00:00,2025-10-22 01:36:23.925000+00:00,0.0,0.0,0.0,0.0,0.0,0.0,0.0,0.0,,EfficientNet1DLSTM,0.0005,64,adam,0.0001,100,
f8458d772d834b80bc84be116cec8b7d,878565942206467697,FINISHED,file:///Users/sanjeev/VNIT/FINAL_PRJ_PHASE2/wifi_project-phase-2/src/phase2/mlruns/878565942206467697/f8458d772d834b80bc84be116cec8b7d/artifacts,2025-10-22 00:56:48.779000+00:00,2025-10-22 01:10:01.156000+00:00,0.7295280296184007,0.0,0.7277587046324556,0.0,0.7295280296184007,0.0,0.7282715907842772,0.0,,EfficientNet1DLSTM,0.0005,64,adam,0.0001,50,
e77edc0379084650908eaf46b6fae708,878565942206467697,FINISHED,file:///Users/sanjeev/VNIT/FINAL_PRJ_PHASE2/wifi_project-phase-2/src/phase2/mlruns/878565942206467697/e77edc0379084650908eaf46b6fae708/artifacts,2025-10-22 04:20:25.640000+00:00,2025-10-22 04:32:01.163000+00:00,0.0,0.0,0.0,0.0,0.0,0.0,0.0,0.0,,MobileNetV3_1D_LSTM,0.0005,64,adam,0.0001,50,
8378ba61ab25454f8e22acfce77787ac,878565942206467697,FINISHED,file:///Users/sanjeev/VNIT/FINAL_PRJ_PHASE2/wifi_project-phase-2/src/phase2/mlruns/878565942206467697/8378ba61ab25454f8e22acfce77787ac/artifacts,2025-10-21 21:42:44.667000+00:00,2025-10-21 22:08:21.836000+00:00,0.0,0.0,0.0,0.0,0.0,0.0,0.0,0.0,,EfficientNet1DLSTM,0.001,32,adam,0.0001,50,
7b0d962875a447a48d64ffe9bb00bb6c,878565942206467697,FINISHED,file:///Users/sanjeev/VNIT/FINAL_PRJ_PHASE2/wifi_project-phase-2/src/phase2/mlruns/878565942206467697/7b0d962875a447a48d64ffe9bb00bb6c/artifacts,2025-10-22 00:05:26.400000+00:00,2025-10-22 00:56:48.705000+00:00,0.0,0.0,0.0,0.0,0.0,0.0,0.0,0.0,,EfficientNet1DLSTM,0.0005,32,adam,0.0001,100,
8de4829a943f4724a9eb2a7526ed1a88,878565942206467697,FINISHED,file:///Users/sanjeev/VNIT/FINAL_PRJ_PHASE2/wifi_project-phase-2/src/phase2/mlruns/878565942206467697/8de4829a943f4724a9eb2a7526ed1a88/artifacts,2025-10-22 04:32:01.230000+00:00,2025-10-22 04:55:17.039000+00:00,0.0,0.0,0.0,0.0,0.0,0.0,0.0,0.0,,MobileNetV3_1D_LSTM,0.0005,64,adam,0.0001,100,
27758032838040949e2d4dfa0080b804,878565942206467697,FINISHED,file:///Users/sanjeev/VNIT/FINAL_PRJ_PHASE2/wifi_project-phase-2/src/phase2/mlruns/878565942206467697/27758032838040949e2d4dfa0080b804/artifacts,2025-10-22 04:55:17.114000+00:00,2025-10-22 04:55:17.193000+00:00,,,,,,,,,,,,,,,,
534faeab137e460181d075b3bd8e0cfd,878565942206467697,FINISHED,file:///Users/sanjeev/VNIT/FINAL_PRJ_PHASE2/wifi_project-phase-2/src/phase2/mlruns/878565942206467697/534faeab137e460181d075b3bd8e0cfd/artifacts,2025-10-22 01:36:23.994000+00:00,2025-10-22 04:55:17.113000+00:00,,,,,,,,,0.9949860074626866,,,,,,,
ec6627cd19264d34acec765645640625,878565942206467697,FINISHED,file:///Users/sanjeev/VNIT/FINAL_PRJ_PHASE2/wifi_project-phase-2/src/phase2/mlruns/878565942206467697/ec6627cd19264d34acec765645640625/artifacts,2025-10-21 21:42:44.663000+00:00,2025-10-22 01:36:23.993000+00:00,,,,,,,,,0.9928871268656716,,,,,,,
45a5fa6f2fcc474da05742897407a52a,878565942206467697,FINISHED,file:///Users/sanjeev/VNIT/FINAL_PRJ_PHASE2/wifi_project-phase-2/src/phase2/mlruns/878565942206467697/45a5fa6f2fcc474da05742897407a52a/artifacts,2025-10-21 18:43:24.285000+00:00,2025-10-21 21:42:44.662000+00:00,,,,,,,,,0.992304104477612,,,,,,,
b652af26f8614b0d9cb66865763bf250,878565942206467697,FINISHED,file:///Users/sanjeev/VNIT/FINAL_PRJ_PHASE2/wifi_project-phase-2/src/phase2/mlruns/878565942206467697/b652af26f8614b0d9cb66865763bf250/artifacts,2025-10-21 16:22:19.885000+00:00,2025-10-21 18:43:24.285000+00:00,,,,,,,,,0.9858908582089553,,,,,,,
